QID,Prediction
Q1,[START]五六百块见刹车灯摩擦力这块装划伤翁回来要贵这块装划伤翁回来要贵这块装划伤翁回来要贵这块装划伤翁回来要贵这块装划伤翁回来要贵这块装划伤翁回来要贵这块装划伤翁回来要贵这块装划伤翁回来要贵这块装划伤翁回来要贵这块装划伤翁回来要贵这块装划伤翁回来要贵这块装划伤翁回来要贵这块装划伤翁回来要贵这块装划伤翁回来要贵这块装划伤翁回来要贵这块装划伤翁回来图册
Q2,[START]五六百块半桶15.6热会车15.6热会车15.6热会车15.6热会车15.6热会车15.6热会车15.6热会车15.6热会车15.6热会车15.6热会车15.6热会车15.6热会车15.6热会车15.6热会车15.6热会车15.6热会车15.6热会车15.6热会车15.6热会车15.6热会车15.6热会车15.6热会车15.6热会车15.6热会车15.6热会车15.6热会车15.6热会车15.6热会车15.6热会车15.6热会车15.6热会车15.6热会车15.6热会车15.6热会车15.6热会车15.6热会车15.6热会车15.6热会车15.6热会车15.6热会车15.6热会车15.6热会车15.6热会车15.6热会车15.6热会车15.6热会车15.6热会车15.6热会车15.6热会车
Q3,[START]五六百块热会车原车线热会车原车线热会车原车线热会车原车线热会车原车线热会车原车线热会车原车线热会车原车线热会车原车线热会车原车线热会车原车线热会车原车线热会车原车线热会车原车线热会车原车线热会车原车线热会车原车线热会车原车线热会车原车线热会车原车线热会车原车线热会车原车线热会车原车线热会车原车线热会车原车线热会车原车线热会车原车线热会车原车线热会车原车线热会车原车线热会车原车线热会车原车线热会车原车线热会车原车线热会车原车线热会车原车线热会车原车线热会车原车线热会车原车线热会车原车线热会车原车线热会车原车线热会车原车线热会车原车线热会车原车线热会车原车线热会车原车线热会车原车线热会车原车线热会车
Q4,[START]五六百块见刹车灯摩擦力这块装划伤翁回来要贵这块装划伤翁回来要贵这块装划伤翁回来要贵这块装划伤翁回来要贵这块装划伤翁回来要贵这块装划伤翁回来要贵这块装划伤翁回来要贵这块装划伤翁回来要贵这块装划伤翁回来要贵这块装划伤翁回来要贵这块装划伤翁回来要贵这块装划伤翁回来要贵这块装划伤翁回来要贵这块装划伤翁回来要贵这块装划伤翁回来要贵这块装划伤翁回来图册
Q5,[START]五六百块半桶15.6热会车15.6热会车15.6热会车15.6热会车15.6热会车15.6热会车15.6热会车15.6热会车15.6热会车15.6热会车15.6热会车15.6热会车15.6热会车15.6热会车15.6热会车15.6热会车15.6热会车15.6热会车15.6热会车15.6热会车15.6热会车15.6热会车15.6热会车15.6热会车15.6热会车15.6热会车15.6热会车15.6热会车15.6热会车15.6热会车15.6热会车15.6热会车15.6热会车15.6热会车15.6热会车15.6热会车15.6热会车15.6热会车15.6热会车15.6热会车15.6热会车15.6热会车15.6热会车15.6热会车15.6热会车15.6热会车15.6热会车15.6热会车15.6热会车
Q6,[START]五六百块热会车原车线热会车原车线热会车原车线热会车原车线热会车原车线热会车原车线热会车原车线热会车原车线热会车原车线热会车原车线热会车原车线热会车原车线热会车原车线热会车原车线热会车原车线热会车原车线热会车原车线热会车原车线热会车原车线热会车原车线热会车原车线热会车原车线热会车原车线热会车原车线热会车原车线热会车原车线热会车原车线热会车原车线热会车原车线热会车原车线热会车原车线热会车原车线热会车原车线热会车原车线热会车原车线热会车原车线热会车原车线热会车原车线热会车原车线热会车原车线热会车原车线热会车原车线热会车原车线热会车原车线热会车原车线热会车原车线热会车原车线热会车原车线热会车原车线热会车
Q7,[START]五六百块见刹车灯摩擦力这块装划伤翁回来要贵这块装划伤翁回来要贵这块装划伤翁回来要贵这块装划伤翁回来要贵这块装划伤翁回来要贵这块装划伤翁回来要贵这块装划伤翁回来要贵这块装划伤翁回来要贵这块装划伤翁回来要贵这块装划伤翁回来要贵这块装划伤翁回来要贵这块装划伤翁回来要贵这块装划伤翁回来要贵这块装划伤翁回来要贵这块装划伤翁回来要贵这块装划伤翁回来图册
Q8,[START]五六百块半桶15.6热会车15.6热会车15.6热会车15.6热会车15.6热会车15.6热会车15.6热会车15.6热会车15.6热会车15.6热会车15.6热会车15.6热会车15.6热会车15.6热会车15.6热会车15.6热会车15.6热会车15.6热会车15.6热会车15.6热会车15.6热会车15.6热会车15.6热会车15.6热会车15.6热会车15.6热会车15.6热会车15.6热会车15.6热会车15.6热会车15.6热会车15.6热会车15.6热会车15.6热会车15.6热会车15.6热会车15.6热会车15.6热会车15.6热会车15.6热会车15.6热会车15.6热会车15.6热会车15.6热会车15.6热会车15.6热会车15.6热会车15.6热会车15.6热会车
Q9,[START]五六百块热会车原车线热会车原车线热会车原车线热会车原车线热会车原车线热会车原车线热会车原车线热会车原车线热会车原车线热会车原车线热会车原车线热会车原车线热会车原车线热会车原车线热会车原车线热会车原车线热会车原车线热会车原车线热会车原车线热会车原车线热会车原车线热会车原车线热会车原车线热会车原车线热会车原车线热会车原车线热会车原车线热会车原车线热会车原车线热会车原车线热会车原车线热会车原车线热会车原车线热会车原车线热会车原车线热会车原车线热会车原车线热会车原车线热会车原车线热会车原车线热会车原车线热会车原车线热会车原车线热会车原车线热会车原车线热会车原车线热会车原车线热会车原车线热会车原车线热会车
Q10,[START]五六百块见刹车灯摩擦力这块装划伤翁回来要贵这块装划伤翁回来要贵这块装划伤翁回来要贵这块装划伤翁回来要贵这块装划伤翁回来要贵这块装划伤翁回来要贵这块装划伤翁回来要贵这块装划伤翁回来要贵这块装划伤翁回来要贵这块装划伤翁回来要贵这块装划伤翁回来要贵这块装划伤翁回来要贵这块装划伤翁回来要贵这块装划伤翁回来要贵这块装划伤翁回来要贵这块装划伤翁回来图册
